Country,Region,Year,Week,StoredEnergy
Austria,Alps,2019,1,1412194.0
Austria,Alps,2019,2,1372937.0
Austria,Alps,2019,3,1326312.0
Austria,Alps,2019,4,1176602.0
Austria,Alps,2019,5,1077808.0
Austria,Alps,2019,6,1004592.0
Austria,Alps,2019,7,929553.0
Austria,Alps,2019,8,862072.0
Austria,Alps,2019,9,794181.0
Austria,Alps,2019,10,748352.0
Austria,Alps,2019,11,709164.0
Austria,Alps,2019,12,651259.0
Austria,Alps,2019,13,594518.0
Austria,Alps,2019,14,541928.0
Austria,Alps,2019,15,457413.0
Austria,Alps,2019,16,405422.0
Austria,Alps,2019,17,448854.0
Austria,Alps,2019,18,451052.0
Austria,Alps,2019,19,420343.0
Austria,Alps,2019,20,404278.0
Austria,Alps,2019,21,425504.0
Austria,Alps,2019,22,508035.0
Austria,Alps,2019,23,633327.0
Austria,Alps,2019,24,891204.0
Austria,Alps,2019,25,1151153.0
Austria,Alps,2019,26,1333426.0
Austria,Alps,2019,27,1456081.0
Austria,Alps,2019,28,1516347.0
Austria,Alps,2019,29,1525238.0
Austria,Alps,2019,30,1572891.0
Austria,Alps,2019,31,1695615.0
Austria,Alps,2019,32,1746547.0
Austria,Alps,2019,33,1808417.0
Austria,Alps,2019,34,1853245.0
Austria,Alps,2019,35,1870542.0
Austria,Alps,2019,36,1853674.0
Austria,Alps,2019,37,1869218.0
Austria,Alps,2019,38,1846058.0
Austria,Alps,2019,39,1850987.0
Austria,Alps,2019,40,1851101.0
Austria,Alps,2019,41,1875628.0
Austria,Alps,2019,42,1878607.0
Austria,Alps,2019,43,1870986.0
Austria,Alps,2019,44,1871050.0
Austria,Alps,2019,45,1875843.0
Austria,Alps,2019,46,1814659.0
Austria,Alps,2019,47,1763652.0
Austria,Alps,2019,48,1719248.0
Austria,Alps,2019,49,1650410.0
Austria,Alps,2019,50,1568352.0
Austria,Alps,2019,51,1527181.0
Austria,Alps,2019,52,1564023.0
Austria,Alps,2019,53,
Austria,Alps,2020,1,1570578
Austria,Alps,2020,2,1533996
Austria,Alps,2020,3,1426254
Austria,Alps,2020,4,1273793
Austria,Alps,2020,5,1156977
Austria,Alps,2020,6,1153654
Austria,Alps,2020,7,1137108
Austria,Alps,2020,8,1086259
Austria,Alps,2020,9,1062706
Austria,Alps,2020,10,1015282
Austria,Alps,2020,11,961767
Austria,Alps,2020,12,931444
Austria,Alps,2020,13,862319
Austria,Alps,2020,14,738395
Austria,Alps,2020,15,665637
Austria,Alps,2020,16,684287
Austria,Alps,2020,17,721438
Austria,Alps,2020,18,708383
Austria,Alps,2020,19,708108
Austria,Alps,2020,20,770601
Austria,Alps,2020,21,844063
Austria,Alps,2020,22,923587
Austria,Alps,2020,23,932650
Austria,Alps,2020,24,1011564
Austria,Alps,2020,25,1122407
Austria,Alps,2020,26,1180014
Austria,Alps,2020,27,1309394
Austria,Alps,2020,28,1457304
Austria,Alps,2020,29,1518133
Austria,Alps,2020,30,1570448
Austria,Alps,2020,31,1631195
Austria,Alps,2020,32,1728887
Austria,Alps,2020,33,1749681
Austria,Alps,2020,34,1770731
Austria,Alps,2020,35,1787368
Austria,Alps,2020,36,1889601
Austria,Alps,2020,37,1881744
Austria,Alps,2020,38,1827376
Austria,Alps,2020,39,1813661
Austria,Alps,2020,40,1817463
Austria,Alps,2020,41,1884485
Austria,Alps,2020,42,1901884
Austria,Alps,2020,43,1868049
Austria,Alps,2020,44,1875010
Austria,Alps,2020,45,1901278
Austria,Alps,2020,46,1844820
Austria,Alps,2020,47,1771305
Austria,Alps,2020,48,1646477
Austria,Alps,2020,49,1484928
Austria,Alps,2020,50,1363739
Austria,Alps,2020,51,1244037
Austria,Alps,2020,52,1198183
Austria,Alps,2020,53,1192861
Austria,Alps,2021,1,1117055.0
Austria,Alps,2021,2,1007379.0
Austria,Alps,2021,3,952429.0
Austria,Alps,2021,4,899576.0
Austria,Alps,2021,5,853281.0
Austria,Alps,2021,6,748222.0
Austria,Alps,2021,7,666611.0
Austria,Alps,2021,8,611769.0
Austria,Alps,2021,9,534981.0
Austria,Alps,2021,10,454595.0
Austria,Alps,2021,11,401931.0
Austria,Alps,2021,12,349156.0
Austria,Alps,2021,13,328343.0
Austria,Alps,2021,14,316830.0
Austria,Alps,2021,15,275505.0
Austria,Alps,2021,16,269440.0
Austria,Alps,2021,17,292186.0
Austria,Alps,2021,18,321166.0
Austria,Alps,2021,19,354573.0
Austria,Alps,2021,20,379549.0
Austria,Alps,2021,21,411966.0
Austria,Alps,2021,22,433519.0
Austria,Alps,2021,23,548224.0
Austria,Alps,2021,24,738921.0
Austria,Alps,2021,25,960466.0
Austria,Alps,2021,26,1091048.0
Austria,Alps,2021,27,1200078.0
Austria,Alps,2021,28,1362001.0
Austria,Alps,2021,29,1527934.0
Austria,Alps,2021,30,1618035.0
Austria,Alps,2021,31,1745758.0
Austria,Alps,2021,32,1809100.0
Austria,Alps,2021,33,1813131.0
Austria,Alps,2021,34,1808115.0
Austria,Alps,2021,35,1781623.0
Austria,Alps,2021,36,1748458.0
Austria,Alps,2021,37,1725763.0
Austria,Alps,2021,38,1770991.0
Austria,Alps,2021,39,1765433.0
Austria,Alps,2021,40,1782655.0
Austria,Alps,2021,41,1765350.0
Austria,Alps,2021,42,1729692.0
Austria,Alps,2021,43,1716410.0
Austria,Alps,2021,44,1717056.0
Austria,Alps,2021,45,1659182.0
Austria,Alps,2021,46,1557858.0
Austria,Alps,2021,47,1475039.0
Austria,Alps,2021,48,1441692.0
Austria,Alps,2021,49,1402617.0
Austria,Alps,2021,50,1323892.0
Austria,Alps,2021,51,1274576.0
Austria,Alps,2021,52,1297334.0
Austria,Alps,2021,53,
Austria,Alps,2022,1,1311570.0
Austria,Alps,2022,2,1260206.0
Austria,Alps,2022,3,1174620.0
Austria,Alps,2022,4,1037006.0
Austria,Alps,2022,5,962906.0
Austria,Alps,2022,6,933635.0
Austria,Alps,2022,7,879665.0
Austria,Alps,2022,8,885628.0
Austria,Alps,2022,9,807447.0
Austria,Alps,2022,10,693482.0
Austria,Alps,2022,11,639839.0
Austria,Alps,2022,12,609961.0
Austria,Alps,2022,13,564987.0
Austria,Alps,2022,14,542635.0
Austria,Alps,2022,15,514814.0
Austria,Alps,2022,16,473013.0
Austria,Alps,2022,17,403187.0
Austria,Alps,2022,18,376285.0
Austria,Alps,2022,19,404104.0
Austria,Alps,2022,20,521892.0
Austria,Alps,2022,21,741362.0
Austria,Alps,2022,22,849573.0
Austria,Alps,2022,23,1039793.0
Austria,Alps,2022,24,1125611.0
Austria,Alps,2022,25,1160127.0
Austria,Alps,2022,26,1272332.0
Austria,Alps,2022,27,1403125.0
Austria,Alps,2022,28,1472437.0
Austria,Alps,2022,29,1506209.0
Austria,Alps,2022,30,1583697.0
Austria,Alps,2022,31,1715317.0
Austria,Alps,2022,32,1796278.0
Austria,Alps,2022,33,1765103.0
Austria,Alps,2022,34,1807960.0
Austria,Alps,2022,35,1873203.0
Austria,Alps,2022,36,1943380.0
Austria,Alps,2022,37,1947791.0
Austria,Alps,2022,38,1979697.0
Austria,Alps,2022,39,1936840.0
Austria,Alps,2022,40,1986419.0
Austria,Alps,2022,41,1966711.0
Austria,Alps,2022,42,1963640.0
Austria,Alps,2022,43,2001005.0
Austria,Alps,2022,44,1947915.0
Austria,Alps,2022,45,1919050.0
Austria,Alps,2022,46,1880574.0
Austria,Alps,2022,47,1874133.0
Austria,Alps,2022,48,1828143.0
Austria,Alps,2022,49,1756788.0
Austria,Alps,2022,50,1677478.0
Austria,Alps,2022,51,1636954.0
Austria,Alps,2022,52,1678718.0
Austria,Alps,2022,53,
Austria,Alps,2023,1,1655961.0
Austria,Alps,2023,2,1597119.0
Austria,Alps,2023,3,1540674.0
Austria,Alps,2023,4,1375097.0
Austria,Alps,2023,5,1269456.0
Austria,Alps,2023,6,1184410.0
Austria,Alps,2023,7,1074334.0
Austria,Alps,2023,8,1040288.0
Austria,Alps,2023,9,945965.0
Austria,Alps,2023,10,818682.0
Austria,Alps,2023,11,779143.0
Austria,Alps,2023,12,696653.0
Austria,Alps,2023,13,641040.0
Austria,Alps,2023,14,592454.0
Austria,Alps,2023,15,528185.0
Austria,Alps,2023,16,468331.0
Austria,Alps,2023,17,450518.0
Austria,Alps,2023,18,462364.0
Austria,Alps,2023,19,470984.0
Austria,Alps,2023,20,486042.0
Austria,Alps,2023,21,566309.0
Austria,Alps,2023,22,687991.0
Austria,Alps,2023,23,780684.0
Austria,Alps,2023,24,876458.0
Austria,Alps,2023,25,980689.0
Austria,Alps,2023,26,1123011.0
Austria,Alps,2023,27,1236938.0
Austria,Alps,2023,28,1344774.0
Austria,Alps,2023,29,1498091.0
Austria,Alps,2023,30,1584708.0
Austria,Alps,2023,31,1693210.0
Austria,Alps,2023,32,1814757.0
Austria,Alps,2023,33,1849541.0
Austria,Alps,2023,34,1815293.0
Austria,Alps,2023,35,1929379.0
Austria,Alps,2023,36,1955406.0
Austria,Alps,2023,37,1901084.0
Austria,Alps,2023,38,1879200.0
Austria,Alps,2023,39,1876532.0
Austria,Alps,2023,40,1861453.0
Austria,Alps,2023,41,1799814.0
Austria,Alps,2023,42,1751338.0
Austria,Alps,2023,43,1761084.0
Austria,Alps,2023,44,1809407.0
Austria,Alps,2023,45,1819247.0
Austria,Alps,2023,46,1775345.0
Austria,Alps,2023,47,1766548.0
Austria,Alps,2023,48,1707104.0
Austria,Alps,2023,49,1590420.0
Austria,Alps,2023,50,1545639.0
Austria,Alps,2023,51,1507174.0
Austria,Alps,2023,52,1543144.0
Austria,Alps,2023,53,
Austria,Alps,2024,1,1537771.0
Austria,Alps,2024,2,1423063.0
Austria,Alps,2024,3,1260750.0
Austria,Alps,2024,4,1157852.0
Austria,Alps,2024,5,1073592.0
Austria,Alps,2024,6,1018434.0
Austria,Alps,2024,7,936302.0
Austria,Alps,2024,8,880475.0
Austria,Alps,2024,9,784374.0
Austria,Alps,2024,10,663585.0
Austria,Alps,2024,11,570068.0
Austria,Alps,2024,12,477319.0
Austria,Alps,2024,13,413065.0
Austria,Alps,2024,14,395407.0
Austria,Alps,2024,15,394559.0
Austria,Alps,2024,16,399773.0
Austria,Alps,2024,17,340269.0
Austria,Alps,2024,18,338721.0
Austria,Alps,2024,19,350511.0
Austria,Alps,2024,20,421144.0
Austria,Alps,2024,21,482578.0
Austria,Alps,2024,22,567364.0
Austria,Alps,2024,23,698996.0
Austria,Alps,2024,24,919157.0
Austria,Alps,2024,25,1032654.0
Austria,Alps,2024,26,1215620.0
Austria,Alps,2024,27,1353188.0
Austria,Alps,2024,28,1527054.0
Austria,Alps,2024,29,1643752.0
Austria,Alps,2024,30,1673135.0
Austria,Alps,2024,31,1722262.0
Austria,Alps,2024,32,1722119.0
Austria,Alps,2024,33,1747238.0
Austria,Alps,2024,34,1813981.0
Austria,Alps,2024,35,1852690.0
Austria,Alps,2024,36,1826051.0
Austria,Alps,2024,37,1871773.0
Austria,Alps,2024,38,1902406.0
Austria,Alps,2024,39,1945878.0
Austria,Alps,2024,40,1960803.0
Austria,Alps,2024,41,1960576.0
Austria,Alps,2024,42,1991010.0
Austria,Alps,2024,43,1922926.0
Austria,Alps,2024,44,1831903.0
Austria,Alps,2024,45,1777219.0
Austria,Alps,2024,46,1674975.0
Austria,Alps,2024,47,1613868.0
Austria,Alps,2024,48,1583731.0
Austria,Alps,2024,49,1521727.0
Austria,Alps,2024,50,1421209.0
Austria,Alps,2024,51,1339482.0
Austria,Alps,2024,52,1328919.0
Austria,Alps,2024,53,
Austria,Alps,2025,1,1268054
Austria,Alps,2025,2,1246326
Austria,Alps,2025,3,1150580
Austria,Alps,2025,4,989492
Austria,Alps,2025,5,961938
Austria,Alps,2025,6,892235
Austria,Alps,2025,7,789970
Austria,Alps,2025,8,684220
Austria,Alps,2025,9,617443
Austria,Alps,2025,10,551121
Austria,Alps,2025,11,493041
Austria,Alps,2025,12,439860
Austria,Alps,2025,13,388928
Austria,Alps,2025,14,381672
Austria,Alps,2025,15,366699
Austria,Alps,2025,16,360639
Austria,Alps,2025,17,377211
Austria,Alps,2025,18,380330
Austria,Alps,2025,19,435421
Austria,Alps,2025,20,454497
Austria,Alps,2025,21,471009
Austria,Alps,2025,22,547361
Austria,Alps,2025,23,717068
Austria,Alps,2025,24,-
Austria,Alps,2025,25,-
Austria,Alps,2025,26,-
Austria,Alps,2025,27,-
Austria,Alps,2025,28,-
Austria,Alps,2025,29,-
Austria,Alps,2025,30,-
Austria,Alps,2025,31,-
Austria,Alps,2025,32,-
Austria,Alps,2025,33,-
Austria,Alps,2025,34,-
Austria,Alps,2025,35,-
Austria,Alps,2025,36,-
Austria,Alps,2025,37,-
Austria,Alps,2025,38,-
Austria,Alps,2025,39,-
Austria,Alps,2025,40,-
Austria,Alps,2025,41,-
Austria,Alps,2025,42,-
Austria,Alps,2025,43,-
Austria,Alps,2025,44,-
Austria,Alps,2025,45,-
Austria,Alps,2025,46,-
Austria,Alps,2025,47,-
Austria,Alps,2025,48,-
Austria,Alps,2025,49,-
Austria,Alps,2025,50,-
Austria,Alps,2025,51,-
Austria,Alps,2025,52,-
Austria,Alps,2025,53,
France,Alps,2019,1,2186488.0
France,Alps,2019,2,2055622.0
France,Alps,2019,3,1931241.0
France,Alps,2019,4,1750281.0
France,Alps,2019,5,1591274.0
France,Alps,2019,6,1474810.0
France,Alps,2019,7,1446619.0
France,Alps,2019,8,1319494.0
France,Alps,2019,9,1227480.0
France,Alps,2019,10,1161979.0
France,Alps,2019,11,1157528.0
France,Alps,2019,12,1135050.0
France,Alps,2019,13,1064149.0
France,Alps,2019,14,984486.0
France,Alps,2019,15,932025.0
France,Alps,2019,16,921232.0
France,Alps,2019,17,1004280.0
France,Alps,2019,18,1112875.0
France,Alps,2019,19,1130279.0
France,Alps,2019,20,1254728.0
France,Alps,2019,21,1324928.0
France,Alps,2019,22,1481998.0
France,Alps,2019,23,1701147.0
France,Alps,2019,24,1959725.0
France,Alps,2019,25,2172242.0
France,Alps,2019,26,2394994.0
France,Alps,2019,27,2572658.0
France,Alps,2019,28,2673159.0
France,Alps,2019,29,2690219.0
France,Alps,2019,30,2697155.0
France,Alps,2019,31,2742271.0
France,Alps,2019,32,2749841.0
France,Alps,2019,33,2762882.0
France,Alps,2019,34,2777986.0
France,Alps,2019,35,2760250.0
France,Alps,2019,36,2718854.0
France,Alps,2019,37,
France,Alps,2019,38,2689334.0
France,Alps,2019,39,2650572.0
France,Alps,2019,40,2648638.0
France,Alps,2019,41,2625151.0
France,Alps,2019,42,2649054.0
France,Alps,2019,43,2771196.0
France,Alps,2019,44,2851394.0
France,Alps,2019,45,2986771.0
France,Alps,2019,46,2954760.0
France,Alps,2019,47,2792032.0
France,Alps,2019,48,2815568.0
France,Alps,2019,49,2815166.0
France,Alps,2019,50,2657645.0
France,Alps,2019,51,2652638.0
France,Alps,2019,52,2804309.0
France,Alps,2019,53,
France,Alps,2020,1,2780215
France,Alps,2020,2,2742325
France,Alps,2020,3,2652974
France,Alps,2020,4,2426891
France,Alps,2020,5,2194236
France,Alps,2020,6,2214084
France,Alps,2020,7,2174132
France,Alps,2020,8,2116585
France,Alps,2020,9,2008603
France,Alps,2020,10,1864482
France,Alps,2020,11,1816423
France,Alps,2020,12,1779274
France,Alps,2020,13,1763973
France,Alps,2020,14,1614814
France,Alps,2020,15,1513412
France,Alps,2020,16,1551504
France,Alps,2020,17,1670557
France,Alps,2020,18,1740867
France,Alps,2020,19,1977501
France,Alps,2020,20,2184713
France,Alps,2020,21,2355412
France,Alps,2020,22,2576537
France,Alps,2020,23,2698730
France,Alps,2020,24,2775806
France,Alps,2020,25,2837466
France,Alps,2020,26,2854415
France,Alps,2020,27,2972388
France,Alps,2020,28,3064947
France,Alps,2020,29,3087938
France,Alps,2020,30,3088372
France,Alps,2020,31,3100546
France,Alps,2020,32,3062108
France,Alps,2020,33,3013309
France,Alps,2020,34,2986398
France,Alps,2020,35,2955316
France,Alps,2020,36,2975651
France,Alps,2020,37,2929369
France,Alps,2020,38,2855432
France,Alps,2020,39,2821249
France,Alps,2020,40,2801270
France,Alps,2020,41,2964842
France,Alps,2020,42,3019708
France,Alps,2020,43,2956736
France,Alps,2020,44,3041148
France,Alps,2020,45,3088786
France,Alps,2020,46,3035130
France,Alps,2020,47,3012185
France,Alps,2020,48,2929262
France,Alps,2020,49,2674858
France,Alps,2020,50,2521048
France,Alps,2020,51,2454326
France,Alps,2020,52,2473628
France,Alps,2020,53,2532396
France,Alps,2021,1,2407326.0
France,Alps,2021,2,2081829.0
France,Alps,2021,3,1924342.0
France,Alps,2021,4,1772556.0
France,Alps,2021,5,1859154.0
France,Alps,2021,6,1726279.0
France,Alps,2021,7,1533892.0
France,Alps,2021,8,1515570.0
France,Alps,2021,9,1386764.0
France,Alps,2021,10,1176034.0
France,Alps,2021,11,1154107.0
France,Alps,2021,12,994654.0
France,Alps,2021,13,961615.0
France,Alps,2021,14,998746.0
France,Alps,2021,15,917246.0
France,Alps,2021,16,874649.0
France,Alps,2021,17,940614.0
France,Alps,2021,18,1047965.0
France,Alps,2021,19,1231647.0
France,Alps,2021,20,1413451.0
France,Alps,2021,21,1509465.0
France,Alps,2021,22,1628356.0
France,Alps,2021,23,1803076.0
France,Alps,2021,24,2002076.0
France,Alps,2021,25,2183321.0
France,Alps,2021,26,2310252.0
France,Alps,2021,27,2349488.0
France,Alps,2021,28,2463983.0
France,Alps,2021,29,2538196.0
France,Alps,2021,30,2549423.0
France,Alps,2021,31,2607829.0
France,Alps,2021,32,2658935.0
France,Alps,2021,33,2655591.0
France,Alps,2021,34,2612909.0
France,Alps,2021,35,2537592.0
France,Alps,2021,36,2471418.0
France,Alps,2021,37,2394175.0
France,Alps,2021,38,2361161.0
France,Alps,2021,39,2330764.0
France,Alps,2021,40,2373290.0
France,Alps,2021,41,2385992.0
France,Alps,2021,42,2356588.0
France,Alps,2021,43,2291919.0
France,Alps,2021,44,2349925.0
France,Alps,2021,45,2344289.0
France,Alps,2021,46,2216776.0
France,Alps,2021,47,2119853.0
France,Alps,2021,48,2024972.0
France,Alps,2021,49,2059628.0
France,Alps,2021,50,2010670.0
France,Alps,2021,51,1928190.0
France,Alps,2021,52,2029801.0
France,Alps,2021,53,
France,Alps,2022,1,2152112.0
France,Alps,2022,2,2137089.0
France,Alps,2022,3,1998118.0
France,Alps,2022,4,1817029.0
France,Alps,2022,5,1747271.0
France,Alps,2022,6,1729375.0
France,Alps,2022,7,1697421.0
France,Alps,2022,8,1739794.0
France,Alps,2022,9,1604668.0
France,Alps,2022,10,1420843.0
France,Alps,2022,11,1375108.0
France,Alps,2022,12,1369050.0
France,Alps,2022,13,1334846.0
France,Alps,2022,14,1197120.0
France,Alps,2022,15,1229508.0
France,Alps,2022,16,1338623.0
France,Alps,2022,17,1380258.0
France,Alps,2022,18,1418563.0
France,Alps,2022,19,1511294.0
France,Alps,2022,20,
France,Alps,2022,21,1954315.0
France,Alps,2022,22,2156969.0
France,Alps,2022,23,2345706.0
France,Alps,2022,24,2411291.0
France,Alps,2022,25,2434351.0
France,Alps,2022,26,2482855.0
France,Alps,2022,27,2469618.0
France,Alps,2022,28,2462110.0
France,Alps,2022,29,2382772.0
France,Alps,2022,30,2312574.0
France,Alps,2022,31,2274044.0
France,Alps,2022,32,2280964.0
France,Alps,2022,33,2249940.0
France,Alps,2022,34,2250959.0
France,Alps,2022,35,2244154.0
France,Alps,2022,36,2240533.0
France,Alps,2022,37,2252727.0
France,Alps,2022,38,2254828.0
France,Alps,2022,39,2253974.0
France,Alps,2022,40,2313405.0
France,Alps,2022,41,2320864.0
France,Alps,2022,42,2315468.0
France,Alps,2022,43,2419163.0
France,Alps,2022,44,2455704.0
France,Alps,2022,45,2495545.0
France,Alps,2022,46,2499746.0
France,Alps,2022,47,2518920.0
France,Alps,2022,48,2462887.0
France,Alps,2022,49,2374305.0
France,Alps,2022,50,2190805.0
France,Alps,2022,51,2142607.0
France,Alps,2022,52,2284112.0
France,Alps,2022,53,
France,Alps,2023,1,2327857.0
France,Alps,2023,2,2347129.0
France,Alps,2023,3,2331058.0
France,Alps,2023,4,1860943.0
France,Alps,2023,5,1741224.0
France,Alps,2023,6,1548596.0
France,Alps,2023,7,1489626.0
France,Alps,2023,8,1443310.0
France,Alps,2023,9,1343353.0
France,Alps,2023,10,1351720.0
France,Alps,2023,11,1437424.0
France,Alps,2023,12,1480070.0
France,Alps,2023,13,1508365.0
France,Alps,2023,14,1512237.0
France,Alps,2023,15,1545065.0
France,Alps,2023,16,1579550.0
France,Alps,2023,17,1591705.0
France,Alps,2023,18,1737740.0
France,Alps,2023,19,1952971.0
France,Alps,2023,20,2051871.0
France,Alps,2023,21,2200163.0
France,Alps,2023,22,2404082.0
France,Alps,2023,23,2579634.0
France,Alps,2023,24,2708825.0
France,Alps,2023,25,2827813.0
France,Alps,2023,26,2932525.0
France,Alps,2023,27,2965488.0
France,Alps,2023,28,3007664.0
France,Alps,2023,29,3013784.0
France,Alps,2023,30,3000966.0
France,Alps,2023,31,2985265.0
France,Alps,2023,32,2933071.0
France,Alps,2023,33,2870892.0
France,Alps,2023,34,2829706.0
France,Alps,2023,35,2898999.0
France,Alps,2023,36,2865844.0
France,Alps,2023,37,2818485.0
France,Alps,2023,38,2809675.0
France,Alps,2023,39,2776356.0
France,Alps,2023,40,2705939.0
France,Alps,2023,41,2613447.0
France,Alps,2023,42,2620085.0
France,Alps,2023,43,2730776.0
France,Alps,2023,44,2856838.0
France,Alps,2023,45,2847567.0
France,Alps,2023,46,2978309.0
France,Alps,2023,47,2932723.0
France,Alps,2023,48,2883329.0
France,Alps,2023,49,2789836.0
France,Alps,2023,50,2806027.0
France,Alps,2023,51,2761956.0
France,Alps,2023,52,2795844.0
France,Alps,2023,53,
France,Alps,2024,1,2736874.0
France,Alps,2024,2,2368286.0
France,Alps,2024,3,2201546.0
France,Alps,2024,4,2146234.0
France,Alps,2024,5,2010901.0
France,Alps,2024,6,1968080.0
France,Alps,2024,7,1855119.0
France,Alps,2024,8,1729303.0
France,Alps,2024,9,1608686.0
France,Alps,2024,10,1476807.0
France,Alps,2024,11,1359339.0
France,Alps,2024,12,1302023.0
France,Alps,2024,13,1266893.0
France,Alps,2024,14,1366371.0
France,Alps,2024,15,1472230.0
France,Alps,2024,16,1519826.0
France,Alps,2024,17,1365398.0
France,Alps,2024,18,1542295.0
France,Alps,2024,19,1667564.0
France,Alps,2024,20,1838640.0
France,Alps,2024,21,2010012.0
France,Alps,2024,22,2230715.0
France,Alps,2024,23,2408135.0
France,Alps,2024,24,2641985.0
France,Alps,2024,25,2844151.0
France,Alps,2024,26,2944520.0
France,Alps,2024,27,3029501.0
France,Alps,2024,28,3103410.0
France,Alps,2024,29,3100987.0
France,Alps,2024,30,3124668.0
France,Alps,2024,31,3109449.0
France,Alps,2024,32,3108334.0
France,Alps,2024,33,3107154.0
France,Alps,2024,34,3119304.0
France,Alps,2024,35,3078593.0
France,Alps,2024,36,3060686.0
France,Alps,2024,37,3099055.0
France,Alps,2024,38,3058568.0
France,Alps,2024,39,3088144.0
France,Alps,2024,40,3065386.0
France,Alps,2024,41,3138703.0
France,Alps,2024,42,3178944.0
France,Alps,2024,43,3129709.0
France,Alps,2024,44,3059150.0
France,Alps,2024,45,2923038.0
France,Alps,2024,46,2826322.0
France,Alps,2024,47,2807633.0
France,Alps,2024,48,2782368.0
France,Alps,2024,49,2727543.0
France,Alps,2024,50,2538814.0
France,Alps,2024,51,2548290.0
France,Alps,2024,52,2379059.0
France,Alps,2024,53,
France,Alps,2025,1,2309240
France,Alps,2025,2,2299998
France,Alps,2025,3,1977318
France,Alps,2025,4,1848804
France,Alps,2025,5,1844466
France,Alps,2025,6,1619306
France,Alps,2025,7,1415176
France,Alps,2025,8,1334553
France,Alps,2025,9,1225864
France,Alps,2025,10,1138249
France,Alps,2025,11,1005509
France,Alps,2025,12,1014652
France,Alps,2025,13,981479
France,Alps,2025,14,989282
France,Alps,2025,15,1043992
France,Alps,2025,16,1151773
France,Alps,2025,17,1211795
France,Alps,2025,18,1383377
France,Alps,2025,19,1585936
France,Alps,2025,20,1703194
France,Alps,2025,21,1872779
France,Alps,2025,22,2077156
France,Alps,2025,23,2327220
France,Alps,2025,24,-
France,Alps,2025,25,-
France,Alps,2025,26,-
France,Alps,2025,27,-
France,Alps,2025,28,-
France,Alps,2025,29,-
France,Alps,2025,30,-
France,Alps,2025,31,-
France,Alps,2025,32,-
France,Alps,2025,33,-
France,Alps,2025,34,-
France,Alps,2025,35,-
France,Alps,2025,36,-
France,Alps,2025,37,-
France,Alps,2025,38,-
France,Alps,2025,39,-
France,Alps,2025,40,-
France,Alps,2025,41,-
France,Alps,2025,42,-
France,Alps,2025,43,-
France,Alps,2025,44,-
France,Alps,2025,45,-
France,Alps,2025,46,-
France,Alps,2025,47,-
France,Alps,2025,48,-
France,Alps,2025,49,-
France,Alps,2025,50,-
France,Alps,2025,51,-
France,Alps,2025,52,-
France,Alps,2025,53,
Italy,Alps,2019,1,3036299.0
Italy,Alps,2019,2,2704739.0
Italy,Alps,2019,3,2593794.0
Italy,Alps,2019,4,2490190.0
Italy,Alps,2019,5,2473671.0
Italy,Alps,2019,6,2517152.0
Italy,Alps,2019,7,2469445.0
Italy,Alps,2019,8,2392672.0
Italy,Alps,2019,9,2313400.0
Italy,Alps,2019,10,2254138.0
Italy,Alps,2019,11,2223447.0
Italy,Alps,2019,12,2223185.0
Italy,Alps,2019,13,2224171.0
Italy,Alps,2019,14,2213155.0
Italy,Alps,2019,15,2226789.0
Italy,Alps,2019,16,2238218.0
Italy,Alps,2019,17,2235118.0
Italy,Alps,2019,18,2385351.0
Italy,Alps,2019,19,2415405.0
Italy,Alps,2019,20,2447059.0
Italy,Alps,2019,21,2592740.0
Italy,Alps,2019,22,2765628.0
Italy,Alps,2019,23,2922566.0
Italy,Alps,2019,24,3356910.0
Italy,Alps,2019,25,3699271.0
Italy,Alps,2019,26,3844951.0
Italy,Alps,2019,27,4066554.0
Italy,Alps,2019,28,4112154.0
Italy,Alps,2019,29,4119959.0
Italy,Alps,2019,30,4119282.0
Italy,Alps,2019,31,4114254.0
Italy,Alps,2019,32,4105847.0
Italy,Alps,2019,33,4074133.0
Italy,Alps,2019,34,4025899.0
Italy,Alps,2019,35,3938394.0
Italy,Alps,2019,36,3850573.0
Italy,Alps,2019,37,3788557.0
Italy,Alps,2019,38,3659235.0
Italy,Alps,2019,39,3496676.0
Italy,Alps,2019,40,3372804.0
Italy,Alps,2019,41,3358775.0
Italy,Alps,2019,42,3317804.0
Italy,Alps,2019,43,3496510.0
Italy,Alps,2019,44,3570899.0
Italy,Alps,2019,45,3565581.0
Italy,Alps,2019,46,3605834.0
Italy,Alps,2019,47,3641823.0
Italy,Alps,2019,48,3584183.0
Italy,Alps,2019,49,3453395.0
Italy,Alps,2019,50,3313876.0
Italy,Alps,2019,51,3248640.0
Italy,Alps,2019,52,3283708.0
Italy,Alps,2019,53,
Italy,Alps,2020,1,3290402.0
Italy,Alps,2020,2,3127104.0
Italy,Alps,2020,3,2982378.0
Italy,Alps,2020,4,2857100.0
Italy,Alps,2020,5,2761989.0
Italy,Alps,2020,6,2663254.0
Italy,Alps,2020,7,2591666.0
Italy,Alps,2020,8,2507106.0
Italy,Alps,2020,9,2432371.0
Italy,Alps,2020,10,2330923.0
Italy,Alps,2020,11,2306813.0
Italy,Alps,2020,12,2301744.0
Italy,Alps,2020,13,2308465.0
Italy,Alps,2020,14,2344283.0
Italy,Alps,2020,15,2386071.0
Italy,Alps,2020,16,2435944.0
Italy,Alps,2020,17,2536276.0
Italy,Alps,2020,18,2689170.0
Italy,Alps,2020,19,2800064.0
Italy,Alps,2020,20,3015455.0
Italy,Alps,2020,21,3293225.0
Italy,Alps,2020,22,3416423.0
Italy,Alps,2020,23,3505076.0
Italy,Alps,2020,24,3691662.0
Italy,Alps,2020,25,3756357.0
Italy,Alps,2020,26,3781221.0
Italy,Alps,2020,27,3956998.0
Italy,Alps,2020,28,4021252.0
Italy,Alps,2020,29,3991002.0
Italy,Alps,2020,30,3942383.0
Italy,Alps,2020,31,3923114.0
Italy,Alps,2020,32,3846485.0
Italy,Alps,2020,33,3854953.0
Italy,Alps,2020,34,3807057.0
Italy,Alps,2020,35,3825828.0
Italy,Alps,2020,36,
Italy,Alps,2020,37,3755156.0
Italy,Alps,2020,38,3610980.0
Italy,Alps,2020,39,3511266.0
Italy,Alps,2020,40,3575840.0
Italy,Alps,2020,41,3720602.0
Italy,Alps,2020,42,3666317.0
Italy,Alps,2020,43,3604714.0
Italy,Alps,2020,44,3640905.0
Italy,Alps,2020,45,3602464.0
Italy,Alps,2020,46,3519272.0
Italy,Alps,2020,47,3415110.0
Italy,Alps,2020,48,3325664.0
Italy,Alps,2020,49,3284366.0
Italy,Alps,2020,50,3368023.0
Italy,Alps,2020,51,3316442.0
Italy,Alps,2020,52,3244488.0
Italy,Alps,2020,53,3270448.0
Italy,Alps,2021,1,3208963.0
Italy,Alps,2021,2,3117284.0
Italy,Alps,2021,3,3011527.0
Italy,Alps,2021,4,2982901.0
Italy,Alps,2021,5,2886318.0
Italy,Alps,2021,6,2831034.0
Italy,Alps,2021,7,2709823.0
Italy,Alps,2021,8,2591988.0
Italy,Alps,2021,9,2470744.0
Italy,Alps,2021,10,2362042.0
Italy,Alps,2021,11,2262471.0
Italy,Alps,2021,12,2205432.0
Italy,Alps,2021,13,2177522.0
Italy,Alps,2021,14,2196030.0
Italy,Alps,2021,15,2138508.0
Italy,Alps,2021,16,2106126.0
Italy,Alps,2021,17,2136963.0
Italy,Alps,2021,18,2224786.0
Italy,Alps,2021,19,2369558.0
Italy,Alps,2021,20,2476447.0
Italy,Alps,2021,21,2511966.0
Italy,Alps,2021,22,2665591.0
Italy,Alps,2021,23,2879527.0
Italy,Alps,2021,24,3071905.0
Italy,Alps,2021,25,3311711.0
Italy,Alps,2021,26,3437892.0
Italy,Alps,2021,27,3472173.0
Italy,Alps,2021,28,3594350.0
Italy,Alps,2021,29,3598387.0
Italy,Alps,2021,30,3597507.0
Italy,Alps,2021,31,3622011.0
Italy,Alps,2021,32,3656351.0
Italy,Alps,2021,33,3577435.0
Italy,Alps,2021,34,3444990.0
Italy,Alps,2021,35,3259127.0
Italy,Alps,2021,36,3161635.0
Italy,Alps,2021,37,3099562.0
Italy,Alps,2021,38,3088420.0
Italy,Alps,2021,39,3001807.0
Italy,Alps,2021,40,3108077.0
Italy,Alps,2021,41,3060785.0
Italy,Alps,2021,42,2986852.0
Italy,Alps,2021,43,2932073.0
Italy,Alps,2021,44,2873496.0
Italy,Alps,2021,45,2871634.0
Italy,Alps,2021,46,2779262.0
Italy,Alps,2021,47,2767351.0
Italy,Alps,2021,48,2776654.0
Italy,Alps,2021,49,2831420.0
Italy,Alps,2021,50,2830287.0
Italy,Alps,2021,51,2807977.0
Italy,Alps,2021,52,2650006.0
Italy,Alps,2021,53,
Italy,Alps,2022,1,2522113.0
Italy,Alps,2022,2,2462212.0
Italy,Alps,2022,3,2388624.0
Italy,Alps,2022,4,2195808.0
Italy,Alps,2022,5,2115744.0
Italy,Alps,2022,6,2034082.0
Italy,Alps,2022,7,1972757.0
Italy,Alps,2022,8,2135854.0
Italy,Alps,2022,9,2078922.0
Italy,Alps,2022,10,1839557.0
Italy,Alps,2022,11,1837814.0
Italy,Alps,2022,12,1850567.0
Italy,Alps,2022,13,1850487.0
Italy,Alps,2022,14,1880822.0
Italy,Alps,2022,15,1910548.0
Italy,Alps,2022,16,1973753.0
Italy,Alps,2022,17,2008697.0
Italy,Alps,2022,18,2063417.0
Italy,Alps,2022,19,2197607.0
Italy,Alps,2022,20,2419503.0
Italy,Alps,2022,21,2576437.0
Italy,Alps,2022,22,2663424.0
Italy,Alps,2022,23,2741659.0
Italy,Alps,2022,24,2719187.0
Italy,Alps,2022,25,2670227.0
Italy,Alps,2022,26,2852027.0
Italy,Alps,2022,27,2681877.0
Italy,Alps,2022,28,2614979.0
Italy,Alps,2022,29,2614979.0
Italy,Alps,2022,30,2377336.0
Italy,Alps,2022,31,2361321.0
Italy,Alps,2022,32,2336672.0
Italy,Alps,2022,33,2341979.0
Italy,Alps,2022,34,2319283.0
Italy,Alps,2022,35,2283430.0
Italy,Alps,2022,36,2287671.0
Italy,Alps,2022,37,2289541.0
Italy,Alps,2022,38,2269171.0
Italy,Alps,2022,39,2222284.0
Italy,Alps,2022,40,2207775.0
Italy,Alps,2022,41,2185858.0
Italy,Alps,2022,42,2217213.0
Italy,Alps,2022,43,2355750.0
Italy,Alps,2022,44,2369320.0
Italy,Alps,2022,45,2340800.0
Italy,Alps,2022,46,2311316.0
Italy,Alps,2022,47,2297352.0
Italy,Alps,2022,48,2270509.0
Italy,Alps,2022,49,2249585.0
Italy,Alps,2022,50,2239061.0
Italy,Alps,2022,51,2265916.0
Italy,Alps,2022,52,2234005.0
Italy,Alps,2022,53,
Italy,Alps,2023,1,2205127.0
Italy,Alps,2023,2,2202106.0
Italy,Alps,2023,3,2233303.0
Italy,Alps,2023,4,2240372.0
Italy,Alps,2023,5,2247612.0
Italy,Alps,2023,6,2077650.0
Italy,Alps,2023,7,2031607.0
Italy,Alps,2023,8,1987496.0
Italy,Alps,2023,9,2006272.0
Italy,Alps,2023,10,1841496.0
Italy,Alps,2023,11,1864529.0
Italy,Alps,2023,12,1885022.0
Italy,Alps,2023,13,1935619.0
Italy,Alps,2023,14,1974610.0
Italy,Alps,2023,15,2030668.0
Italy,Alps,2023,16,2092457.0
Italy,Alps,2023,17,2174434.0
Italy,Alps,2023,18,2358161.0
Italy,Alps,2023,19,2524475.0
Italy,Alps,2023,20,2689166.0
Italy,Alps,2023,21,2888296.0
Italy,Alps,2023,22,3122609.0
Italy,Alps,2023,23,3293271.0
Italy,Alps,2023,24,3440806.0
Italy,Alps,2023,25,3602877.0
Italy,Alps,2023,26,3689398.0
Italy,Alps,2023,27,3726987.0
Italy,Alps,2023,28,3802050.0
Italy,Alps,2023,29,3755194.0
Italy,Alps,2023,30,3726084.0
Italy,Alps,2023,31,3645141.0
Italy,Alps,2023,32,3529389.0
Italy,Alps,2023,33,3481729.0
Italy,Alps,2023,34,3450786.0
Italy,Alps,2023,35,3534188.0
Italy,Alps,2023,36,3457214.0
Italy,Alps,2023,37,3365511.0
Italy,Alps,2023,38,3433155.0
Italy,Alps,2023,39,3401435.0
Italy,Alps,2023,40,3336157.0
Italy,Alps,2023,41,3276952.0
Italy,Alps,2023,42,3391787.0
Italy,Alps,2023,43,3494647.0
Italy,Alps,2023,44,3663559.0
Italy,Alps,2023,45,3598085.0
Italy,Alps,2023,46,3571995.0
Italy,Alps,2023,47,3511090.0
Italy,Alps,2023,48,3539528.0
Italy,Alps,2023,49,3484863.0
Italy,Alps,2023,50,3424733.0
Italy,Alps,2023,51,3343648.0
Italy,Alps,2023,52,3280575.0
Italy,Alps,2023,53,
Italy,Alps,2024,1,3216474.0
Italy,Alps,2024,2,3053817.0
Italy,Alps,2024,3,2926584.0
Italy,Alps,2024,4,2778409.0
Italy,Alps,2024,5,2619505.0
Italy,Alps,2024,6,2521816.0
Italy,Alps,2024,7,2440737.0
Italy,Alps,2024,8,2334937.0
Italy,Alps,2024,9,2337521.0
Italy,Alps,2024,10,2282945.0
Italy,Alps,2024,11,2233150.0
Italy,Alps,2024,12,2141587.0
Italy,Alps,2024,13,2088700.0
Italy,Alps,2024,14,2121725.0
Italy,Alps,2024,15,2164741.0
Italy,Alps,2024,16,2136364.0
Italy,Alps,2024,17,2035021.0
Italy,Alps,2024,18,2107756.0
Italy,Alps,2024,19,2160930.0
Italy,Alps,2024,20,2330995.0
Italy,Alps,2024,21,2450927.0
Italy,Alps,2024,22,2561825.0
Italy,Alps,2024,23,2820329.0
Italy,Alps,2024,24,3096094.0
Italy,Alps,2024,25,3368471.0
Italy,Alps,2024,26,3596013.0
Italy,Alps,2024,27,3726942.0
Italy,Alps,2024,28,3855592.0
Italy,Alps,2024,29,3819275.0
Italy,Alps,2024,30,3732687.0
Italy,Alps,2024,31,3635111.0
Italy,Alps,2024,32,3514934.0
Italy,Alps,2024,33,3430211.0
Italy,Alps,2024,34,3342258.0
Italy,Alps,2024,35,3238305.0
Italy,Alps,2024,36,3233200.0
Italy,Alps,2024,37,3229697.0
Italy,Alps,2024,38,3116777.0
Italy,Alps,2024,39,3203240.0
Italy,Alps,2024,40,3214111.0
Italy,Alps,2024,41,3418132.0
Italy,Alps,2024,42,3405276.0
Italy,Alps,2024,43,3381998.0
Italy,Alps,2024,44,3346014.0
Italy,Alps,2024,45,3247430.0
Italy,Alps,2024,46,3154668.0
Italy,Alps,2024,47,3133727.0
Italy,Alps,2024,48,3104774.0
Italy,Alps,2024,49,3065534.0
Italy,Alps,2024,50,3008514.0
Italy,Alps,2024,51,3021003.0
Italy,Alps,2024,52,2999752.0
Italy,Alps,2024,53,
Italy,Alps,2025,1,2941986
Italy,Alps,2025,2,2856576
Italy,Alps,2025,3,2748416
Italy,Alps,2025,4,2630552
Italy,Alps,2025,5,2530057
Italy,Alps,2025,6,2443589
Italy,Alps,2025,7,2367453
Italy,Alps,2025,8,2251987
Italy,Alps,2025,9,2148477
Italy,Alps,2025,10,2039163
Italy,Alps,2025,11,2084646
Italy,Alps,2025,12,2024098
Italy,Alps,2025,13,1808301
Italy,Alps,2025,14,2065082
Italy,Alps,2025,15,2079281
Italy,Alps,2025,16,2245531
Italy,Alps,2025,17,2302533
Italy,Alps,2025,18,2403469
Italy,Alps,2025,19,2547457
Italy,Alps,2025,20,2595234
Italy,Alps,2025,21,
Italy,Alps,2025,22,2847720
Italy,Alps,2025,23,3216407
Italy,Alps,2025,24,-
Italy,Alps,2025,25,-
Italy,Alps,2025,26,-
Italy,Alps,2025,27,-
Italy,Alps,2025,28,-
Italy,Alps,2025,29,-
Italy,Alps,2025,30,-
Italy,Alps,2025,31,-
Italy,Alps,2025,32,-
Italy,Alps,2025,33,-
Italy,Alps,2025,34,-
Italy,Alps,2025,35,-
Italy,Alps,2025,36,-
Italy,Alps,2025,37,-
Italy,Alps,2025,38,-
Italy,Alps,2025,39,-
Italy,Alps,2025,40,-
Italy,Alps,2025,41,-
Italy,Alps,2025,42,-
Italy,Alps,2025,43,-
Italy,Alps,2025,44,-
Italy,Alps,2025,45,-
Italy,Alps,2025,46,-
Italy,Alps,2025,47,-
Italy,Alps,2025,48,-
Italy,Alps,2025,49,-
Italy,Alps,2025,50,-
Italy,Alps,2025,51,-
Italy,Alps,2025,52,-
Italy,Alps,2025,53,
Norway,Nordics,2019,1,51526000.0
Norway,Nordics,2019,2,49910000.0
Norway,Nordics,2019,3,47504000.0
Norway,Nordics,2019,4,44553000.0
Norway,Nordics,2019,5,41731000.0
Norway,Nordics,2019,6,39352000.0
Norway,Nordics,2019,7,37714000.0
Norway,Nordics,2019,8,36332000.0
Norway,Nordics,2019,9,35024000.0
Norway,Nordics,2019,10,33321000.0
Norway,Nordics,2019,11,31545000.0
Norway,Nordics,2019,12,30412000.0
Norway,Nordics,2019,13,29912000.0
Norway,Nordics,2019,14,30123000.0
Norway,Nordics,2019,15,28433000.0
Norway,Nordics,2019,16,27180000.0
Norway,Nordics,2019,17,30738000.0
Norway,Nordics,2019,18,34657000.0
Norway,Nordics,2019,19,34793000.0
Norway,Nordics,2019,20,36245000.0
Norway,Nordics,2019,21,43215000.0
Norway,Nordics,2019,22,45417000.0
Norway,Nordics,2019,23,51500000.0
Norway,Nordics,2019,24,55908000.0
Norway,Nordics,2019,25,59153000.0
Norway,Nordics,2019,26,61013000.0
Norway,Nordics,2019,27,62731000.0
Norway,Nordics,2019,28,62821000.0
Norway,Nordics,2019,29,63046000.0
Norway,Nordics,2019,30,64201000.0
Norway,Nordics,2019,31,64158000.0
Norway,Nordics,2019,32,63932000.0
Norway,Nordics,2019,33,65519000.0
Norway,Nordics,2019,34,67198000.0
Norway,Nordics,2019,35,68209000.0
Norway,Nordics,2019,36,69199000.0
Norway,Nordics,2019,37,70572000.0
Norway,Nordics,2019,38,71892000.0
Norway,Nordics,2019,39,71544000.0
Norway,Nordics,2019,40,70810000.0
Norway,Nordics,2019,41,70473000.0
Norway,Nordics,2019,42,70183000.0
Norway,Nordics,2019,43,70613000.0
Norway,Nordics,2019,44,69470000.0
Norway,Nordics,2019,45,66912000.0
Norway,Nordics,2019,46,64716000.0
Norway,Nordics,2019,47,62881000.0
Norway,Nordics,2019,48,60700000.0
Norway,Nordics,2019,49,59558000.0
Norway,Nordics,2019,50,58252000.0
Norway,Nordics,2019,51,56416000.0
Norway,Nordics,2019,52,54889000.0
Norway,Nordics,2019,53,
Norway,Nordics,2020,1,55741000
Norway,Nordics,2020,2,55494000
Norway,Nordics,2020,3,54438000
Norway,Nordics,2020,4,53991000
Norway,Nordics,2020,5,52480000
Norway,Nordics,2020,6,50560000
Norway,Nordics,2020,7,49178000
Norway,Nordics,2020,8,48345000
Norway,Nordics,2020,9,45962000
Norway,Nordics,2020,10,43439000
Norway,Nordics,2020,11,41581000
Norway,Nordics,2020,12,39454000
Norway,Nordics,2020,13,37347000
Norway,Nordics,2020,14,35165000
Norway,Nordics,2020,15,33515000
Norway,Nordics,2020,16,32247000
Norway,Nordics,2020,17,31285000
Norway,Nordics,2020,18,29842000
Norway,Nordics,2020,19,28684000
Norway,Nordics,2020,20,27462000
Norway,Nordics,2020,21,27421000
Norway,Nordics,2020,22,31201000
Norway,Nordics,2020,23,38653000
Norway,Nordics,2020,24,46512000
Norway,Nordics,2020,25,55765000
Norway,Nordics,2020,26,63779000
Norway,Nordics,2020,27,68023000
Norway,Nordics,2020,28,70082000
Norway,Nordics,2020,29,72503000
Norway,Nordics,2020,30,74301000
Norway,Nordics,2020,31,77861000
Norway,Nordics,2020,32,79170000
Norway,Nordics,2020,33,79034000
Norway,Nordics,2020,34,79517000
Norway,Nordics,2020,35,79325000
Norway,Nordics,2020,36,78874000
Norway,Nordics,2020,37,80132000
Norway,Nordics,2020,38,80954000
Norway,Nordics,2020,39,81881000
Norway,Nordics,2020,40,82059000
Norway,Nordics,2020,41,82636000
Norway,Nordics,2020,42,81294000
Norway,Nordics,2020,43,80630000
Norway,Nordics,2020,44,80711000
Norway,Nordics,2020,45,82422000
Norway,Nordics,2020,46,81590000
Norway,Nordics,2020,47,83251000
Norway,Nordics,2020,48,82282000
Norway,Nordics,2020,49,80219000
Norway,Nordics,2020,50,77675000
Norway,Nordics,2020,51,75794000
Norway,Nordics,2020,52,74201000
Norway,Nordics,2020,53,71590000
Norway,Nordics,2021,1,68216000.0
Norway,Nordics,2021,2,64866000.0
Norway,Nordics,2021,3,62240000.0
Norway,Nordics,2021,4,58446000.0
Norway,Nordics,2021,5,55336000.0
Norway,Nordics,2021,6,51903563.0
Norway,Nordics,2021,7,48977226.0
Norway,Nordics,2021,8,47937486.0
Norway,Nordics,2021,9,45985259.0
Norway,Nordics,2021,10,43819163.0
Norway,Nordics,2021,11,41202377.0
Norway,Nordics,2021,12,39539539.0
Norway,Nordics,2021,13,39929876.0
Norway,Nordics,2021,14,38710441.0
Norway,Nordics,2021,15,36410653.0
Norway,Nordics,2021,16,34833740.0
Norway,Nordics,2021,17,32470945.0
Norway,Nordics,2021,18,30736708.0
Norway,Nordics,2021,19,32868956.0
Norway,Nordics,2021,20,36874575.0
Norway,Nordics,2021,21,41152113.0
Norway,Nordics,2021,22,46162040.0
Norway,Nordics,2021,23,50903895.0
Norway,Nordics,2021,24,55001275.0
Norway,Nordics,2021,25,56992323.0
Norway,Nordics,2021,26,57533640.0
Norway,Nordics,2021,27,59205213.0
Norway,Nordics,2021,28,59663535.0
Norway,Nordics,2021,29,59939003.0
Norway,Nordics,2021,30,60675291.0
Norway,Nordics,2021,31,59962500.0
Norway,Nordics,2021,32,59566382.0
Norway,Nordics,2021,33,59207451.0
Norway,Nordics,2021,34,58342518.0
Norway,Nordics,2021,35,57363294.0
Norway,Nordics,2021,36,56804399.0
Norway,Nordics,2021,37,55407541.0
Norway,Nordics,2021,38,55047555.0
Norway,Nordics,2021,39,56445655.0
Norway,Nordics,2021,40,58059418.0
Norway,Nordics,2021,41,59052506.0
Norway,Nordics,2021,42,59710464.0
Norway,Nordics,2021,43,62332993.0
Norway,Nordics,2021,44,63117993.0
Norway,Nordics,2021,45,62363972.0
Norway,Nordics,2021,46,62246470.0
Norway,Nordics,2021,47,60272410.0
Norway,Nordics,2021,48,57512334.0
Norway,Nordics,2021,49,54360090.0
Norway,Nordics,2021,50,53123700.0
Norway,Nordics,2021,51,50620718.0
Norway,Nordics,2021,52,48944611.0
Norway,Nordics,2021,53,
Norway,Nordics,2022,1,46632114.0
Norway,Nordics,2022,2,45418364.0
Norway,Nordics,2022,3,43951856.0
Norway,Nordics,2022,4,42768986.0
Norway,Nordics,2022,5,40940859.0
Norway,Nordics,2022,6,39219178.0
Norway,Nordics,2022,7,37387327.0
Norway,Nordics,2022,8,34977679.0
Norway,Nordics,2022,9,32407202.0
Norway,Nordics,2022,10,29964400.0
Norway,Nordics,2022,11,27537587.0
Norway,Nordics,2022,12,25626680.0
Norway,Nordics,2022,13,23652689.0
Norway,Nordics,2022,14,21863546.0
Norway,Nordics,2022,15,19847123.0
Norway,Nordics,2022,16,19338843.0
Norway,Nordics,2022,17,18516371.0
Norway,Nordics,2022,18,18328177.0
Norway,Nordics,2022,19,20306180.0
Norway,Nordics,2022,20,22082817.0
Norway,Nordics,2022,21,27827119.0
Norway,Nordics,2022,22,32296750.0
Norway,Nordics,2022,23,37086369.0
Norway,Nordics,2022,24,42080583.0
Norway,Nordics,2022,25,46475161.0
Norway,Nordics,2022,26,51892355.0
Norway,Nordics,2022,27,54565956.0
Norway,Nordics,2022,28,56099165.0
Norway,Nordics,2022,29,57059916.0
Norway,Nordics,2022,30,58302041.0
Norway,Nordics,2022,31,59468823.0
Norway,Nordics,2022,32,59874573.0
Norway,Nordics,2022,33,60351907.0
Norway,Nordics,2022,34,60519881.0
Norway,Nordics,2022,35,59984628.0
Norway,Nordics,2022,36,58970712.0
Norway,Nordics,2022,37,59586351.0
Norway,Nordics,2022,38,59467822.0
Norway,Nordics,2022,39,60740092.0
Norway,Nordics,2022,40,64188471.0
Norway,Nordics,2022,41,65695729.0
Norway,Nordics,2022,42,65865138.0
Norway,Nordics,2022,43,66859273.0
Norway,Nordics,2022,44,68623349.0
Norway,Nordics,2022,45,71525143.0
Norway,Nordics,2022,46,70281173.0
Norway,Nordics,2022,47,68221481.0
Norway,Nordics,2022,48,65780111.0
Norway,Nordics,2022,49,62714198.0
Norway,Nordics,2022,50,59499025.0
Norway,Nordics,2022,51,57575465.0
Norway,Nordics,2022,52,56836295.0
Norway,Nordics,2022,53,
Norway,Nordics,2023,1,55071564.0
Norway,Nordics,2023,2,53925429.0
Norway,Nordics,2023,3,51118269.0
Norway,Nordics,2023,4,49046397.0
Norway,Nordics,2023,5,46902262.0
Norway,Nordics,2023,6,45000843.0
Norway,Nordics,2023,7,43070598.0
Norway,Nordics,2023,8,41023301.0
Norway,Nordics,2023,9,38666597.0
Norway,Nordics,2023,10,35651139.0
Norway,Nordics,2023,11,33459856.0
Norway,Nordics,2023,12,31762503.0
Norway,Nordics,2023,13,29351583.0
Norway,Nordics,2023,14,26900505.0
Norway,Nordics,2023,15,25837400.0
Norway,Nordics,2023,16,25193453.0
Norway,Nordics,2023,17,24320489.0
Norway,Nordics,2023,18,23115610.0
Norway,Nordics,2023,19,25079996.0
Norway,Nordics,2023,20,29746756.0
Norway,Nordics,2023,21,35579403.0
Norway,Nordics,2023,22,39353353.0
Norway,Nordics,2023,23,43500806.0
Norway,Nordics,2023,24,48521889.0
Norway,Nordics,2023,25,53481067.0
Norway,Nordics,2023,26,56965103.0
Norway,Nordics,2023,27,58806685.0
Norway,Nordics,2023,28,61535730.0
Norway,Nordics,2023,29,63834729.0
Norway,Nordics,2023,30,64329858.0
Norway,Nordics,2023,31,64344779.0
Norway,Nordics,2023,32,67716590.0
Norway,Nordics,2023,33,68663905.0
Norway,Nordics,2023,34,69097963.0
Norway,Nordics,2023,35,68617229.0
Norway,Nordics,2023,36,68654649.0
Norway,Nordics,2023,37,68822435.0
Norway,Nordics,2023,38,72203344.0
Norway,Nordics,2023,39,73767214.0
Norway,Nordics,2023,40,74389086.0
Norway,Nordics,2023,41,75715109.0
Norway,Nordics,2023,42,75156186.0
Norway,Nordics,2023,43,72999619.0
Norway,Nordics,2023,44,71713231.0
Norway,Nordics,2023,45,69386227.0
Norway,Nordics,2023,46,66652517.0
Norway,Nordics,2023,47,64494120.0
Norway,Nordics,2023,48,61385378.0
Norway,Nordics,2023,49,58445504.0
Norway,Nordics,2023,50,56628147.0
Norway,Nordics,2023,51,56099981.0
Norway,Nordics,2023,52,54781802.0
Norway,Nordics,2023,53,
Norway,Nordics,2024,1,51945281.0
Norway,Nordics,2024,2,49076281.0
Norway,Nordics,2024,3,46030014.0
Norway,Nordics,2024,4,44699899.0
Norway,Nordics,2024,5,43717173.0
Norway,Nordics,2024,6,41067173.0
Norway,Nordics,2024,7,38305254.0
Norway,Nordics,2024,8,35956971.0
Norway,Nordics,2024,9,33630082.0
Norway,Nordics,2024,10,31197689.0
Norway,Nordics,2024,11,29209387.0
Norway,Nordics,2024,12,26796418.0
Norway,Nordics,2024,13,24897094.0
Norway,Nordics,2024,14,23522662.0
Norway,Nordics,2024,15,25068851.0
Norway,Nordics,2024,16,24217476.0
Norway,Nordics,2024,17,22054144.0
Norway,Nordics,2024,18,24073597.0
Norway,Nordics,2024,19,27652536.0
Norway,Nordics,2024,20,34719013.0
Norway,Nordics,2024,21,41896847.0
Norway,Nordics,2024,22,49539577.0
Norway,Nordics,2024,23,53031492.0
Norway,Nordics,2024,24,55202092.0
Norway,Nordics,2024,25,57989242.0
Norway,Nordics,2024,26,60197012.0
Norway,Nordics,2024,27,61177085.0
Norway,Nordics,2024,28,62811276.0
Norway,Nordics,2024,29,63633362.0
Norway,Nordics,2024,30,64861696.0
Norway,Nordics,2024,31,64549025.0
Norway,Nordics,2024,32,66291321.0
Norway,Nordics,2024,33,67168453.0
Norway,Nordics,2024,34,69705971.0
Norway,Nordics,2024,35,71406982.0
Norway,Nordics,2024,36,71702616.0
Norway,Nordics,2024,37,73423285.0
Norway,Nordics,2024,38,72753613.0
Norway,Nordics,2024,39,72336995.0
Norway,Nordics,2024,40,71240853.0
Norway,Nordics,2024,41,71207294.0
Norway,Nordics,2024,42,71647674.0
Norway,Nordics,2024,43,74686390.0
Norway,Nordics,2024,44,76289831.0
Norway,Nordics,2024,45,75822833.0
Norway,Nordics,2024,46,75516615.0
Norway,Nordics,2024,47,73498260.0
Norway,Nordics,2024,48,72772532.0
Norway,Nordics,2024,49,71762729.0
Norway,Nordics,2024,50,69706748.0
Norway,Nordics,2024,51,69364028.0
Norway,Nordics,2024,52,69166498.0
Norway,Nordics,2024,53,
Norway,Nordics,2025,1,67241656
Norway,Nordics,2025,2,64349761
Norway,Nordics,2025,3,63894108
Norway,Nordics,2025,4,61638241
Norway,Nordics,2025,5,58811089
Norway,Nordics,2025,6,56097834
Norway,Nordics,2025,7,52737627
Norway,Nordics,2025,8,50178233
Norway,Nordics,2025,9,48255679
Norway,Nordics,2025,10,49002316
Norway,Nordics,2025,11,46519714
Norway,Nordics,2025,12,44453157
Norway,Nordics,2025,13,43171422
Norway,Nordics,2025,14,41960087
Norway,Nordics,2025,15,41144120
Norway,Nordics,2025,16,42216869
Norway,Nordics,2025,17,41590964
Norway,Nordics,2025,18,43192141
Norway,Nordics,2025,19,43129722
Norway,Nordics,2025,20,44884323
Norway,Nordics,2025,21,45753270
Norway,Nordics,2025,22,48163194
Norway,Nordics,2025,23,50800666
Norway,Nordics,2025,24,52334103
Norway,Nordics,2025,25,-
Norway,Nordics,2025,26,-
Norway,Nordics,2025,27,-
Norway,Nordics,2025,28,-
Norway,Nordics,2025,29,-
Norway,Nordics,2025,30,-
Norway,Nordics,2025,31,-
Norway,Nordics,2025,32,-
Norway,Nordics,2025,33,-
Norway,Nordics,2025,34,-
Norway,Nordics,2025,35,-
Norway,Nordics,2025,36,-
Norway,Nordics,2025,37,-
Norway,Nordics,2025,38,-
Norway,Nordics,2025,39,-
Norway,Nordics,2025,40,-
Norway,Nordics,2025,41,-
Norway,Nordics,2025,42,-
Norway,Nordics,2025,43,-
Norway,Nordics,2025,44,-
Norway,Nordics,2025,45,-
Norway,Nordics,2025,46,-
Norway,Nordics,2025,47,-
Norway,Nordics,2025,48,-
Norway,Nordics,2025,49,-
Norway,Nordics,2025,50,-
Norway,Nordics,2025,51,-
Norway,Nordics,2025,52,-
Norway,Nordics,2025,53,
Sweden,Nordics,2019,1,18035000.0
Sweden,Nordics,2019,2,17301000.0
Sweden,Nordics,2019,3,16239000.0
Sweden,Nordics,2019,4,15003000.0
Sweden,Nordics,2019,5,13793000.0
Sweden,Nordics,2019,6,12848000.0
Sweden,Nordics,2019,7,12065000.0
Sweden,Nordics,2019,8,11207000.0
Sweden,Nordics,2019,9,10463000.0
Sweden,Nordics,2019,10,9690000.0
Sweden,Nordics,2019,11,8711000.0
Sweden,Nordics,2019,12,7993000.0
Sweden,Nordics,2019,13,7518000.0
Sweden,Nordics,2019,14,6906000.0
Sweden,Nordics,2019,15,6123000.0
Sweden,Nordics,2019,16,5697000.0
Sweden,Nordics,2019,17,7650000.0
Sweden,Nordics,2019,18,10050000.0
Sweden,Nordics,2019,19,11201000.0
Sweden,Nordics,2019,20,12601000.0
Sweden,Nordics,2019,21,15331000.0
Sweden,Nordics,2019,22,17171000.0
Sweden,Nordics,2019,23,19835000.0
Sweden,Nordics,2019,24,22379000.0
Sweden,Nordics,2019,25,24248000.0
Sweden,Nordics,2019,26,25300000.0
Sweden,Nordics,2019,27,25945000.0
Sweden,Nordics,2019,28,26124000.0
Sweden,Nordics,2019,29,26084000.0
Sweden,Nordics,2019,30,26231000.0
Sweden,Nordics,2019,31,25937000.0
Sweden,Nordics,2019,32,25669000.0
Sweden,Nordics,2019,33,25864000.0
Sweden,Nordics,2019,34,26044000.0
Sweden,Nordics,2019,35,26104000.0
Sweden,Nordics,2019,36,26376000.0
Sweden,Nordics,2019,37,26817000.0
Sweden,Nordics,2019,38,27207000.0
Sweden,Nordics,2019,39,27208000.0
Sweden,Nordics,2019,40,27044000.0
Sweden,Nordics,2019,41,26634000.0
Sweden,Nordics,2019,42,26270000.0
Sweden,Nordics,2019,43,26315000.0
Sweden,Nordics,2019,44,25846000.0
Sweden,Nordics,2019,45,24884000.0
Sweden,Nordics,2019,46,24177000.0
Sweden,Nordics,2019,47,23667000.0
Sweden,Nordics,2019,48,22921000.0
Sweden,Nordics,2019,49,22429000.0
Sweden,Nordics,2019,50,21817000.0
Sweden,Nordics,2019,51,21044000.0
Sweden,Nordics,2019,52,20385000.0
Sweden,Nordics,2019,53,
Sweden,Nordics,2020,1,20727000.0
Sweden,Nordics,2020,2,20546000.0
Sweden,Nordics,2020,3,20092000.0
Sweden,Nordics,2020,4,19893000.0
Sweden,Nordics,2020,5,19415000.0
Sweden,Nordics,2020,6,18612000.0
Sweden,Nordics,2020,7,17849000.0
Sweden,Nordics,2020,8,17188000.0
Sweden,Nordics,2020,9,16056000.0
Sweden,Nordics,2020,10,14897000.0
Sweden,Nordics,2020,11,13942000.0
Sweden,Nordics,2020,12,12836000.0
Sweden,Nordics,2020,13,11785000.0
Sweden,Nordics,2020,14,10848000.0
Sweden,Nordics,2020,15,9989000.0
Sweden,Nordics,2020,16,9273000.0
Sweden,Nordics,2020,17,9042000.0
Sweden,Nordics,2020,18,8817000.0
Sweden,Nordics,2020,19,8735000.0
Sweden,Nordics,2020,20,8453000.0
Sweden,Nordics,2020,21,8655000.0
Sweden,Nordics,2020,22,10943000.0
Sweden,Nordics,2020,23,15082000.0
Sweden,Nordics,2020,24,18707000.0
Sweden,Nordics,2020,25,21824000.0
Sweden,Nordics,2020,26,24193000.0
Sweden,Nordics,2020,27,25683000.0
Sweden,Nordics,2020,28,26369000.0
Sweden,Nordics,2020,29,27014000.0
Sweden,Nordics,2020,30,28411000.0
Sweden,Nordics,2020,31,29398000.0
Sweden,Nordics,2020,32,29676000.0
Sweden,Nordics,2020,33,29297000.0
Sweden,Nordics,2020,34,28821000.0
Sweden,Nordics,2020,35,28217000.0
Sweden,Nordics,2020,36,27626000.0
Sweden,Nordics,2020,37,27426000.0
Sweden,Nordics,2020,38,27439000.0
Sweden,Nordics,2020,39,28350000.0
Sweden,Nordics,2020,40,28455000.0
Sweden,Nordics,2020,41,28977000.0
Sweden,Nordics,2020,42,29092000.0
Sweden,Nordics,2020,43,28901000.0
Sweden,Nordics,2020,44,29087000.0
Sweden,Nordics,2020,45,30435000.0
Sweden,Nordics,2020,46,30343000.0
Sweden,Nordics,2020,47,30498000.0
Sweden,Nordics,2020,48,29971000.0
Sweden,Nordics,2020,49,29294000.0
Sweden,Nordics,2020,50,28376000.0
Sweden,Nordics,2020,51,27612000.0
Sweden,Nordics,2020,52,26965000.0
Sweden,Nordics,2020,53,
Sweden,Nordics,2021,1,24806000.0
Sweden,Nordics,2021,2,23605000.0
Sweden,Nordics,2021,3,22596000.0
Sweden,Nordics,2021,4,21232000.0
Sweden,Nordics,2021,5,19846000.0
Sweden,Nordics,2021,6,18499000.0
Sweden,Nordics,2021,7,17223000.0
Sweden,Nordics,2021,8,16292000.0
Sweden,Nordics,2021,9,15521000.0
Sweden,Nordics,2021,10,14460000.0
Sweden,Nordics,2021,11,13484000.0
Sweden,Nordics,2021,12,12876000.0
Sweden,Nordics,2021,13,12575000.0
Sweden,Nordics,2021,14,11990000.0
Sweden,Nordics,2021,15,11211000.0
Sweden,Nordics,2021,16,11204000.0
Sweden,Nordics,2021,17,10632000.0
Sweden,Nordics,2021,18,10189000.0
Sweden,Nordics,2021,19,11749000.0
Sweden,Nordics,2021,20,15826000.0
Sweden,Nordics,2021,21,18286000.0
Sweden,Nordics,2021,22,20481000.0
Sweden,Nordics,2021,23,22736000.0
Sweden,Nordics,2021,24,24103000.0
Sweden,Nordics,2021,25,24963000.0
Sweden,Nordics,2021,26,24833000.0
Sweden,Nordics,2021,27,24870000.0
Sweden,Nordics,2021,28,24833000.0
Sweden,Nordics,2021,29,24794000.0
Sweden,Nordics,2021,30,24526000.0
Sweden,Nordics,2021,31,23946000.0
Sweden,Nordics,2021,32,23566000.0
Sweden,Nordics,2021,33,23939000.0
Sweden,Nordics,2021,34,23987000.0
Sweden,Nordics,2021,35,23839000.0
Sweden,Nordics,2021,36,23837000.0
Sweden,Nordics,2021,37,23362000.0
Sweden,Nordics,2021,38,23318000.0
Sweden,Nordics,2021,39,23711000.0
Sweden,Nordics,2021,40,25074000.0
Sweden,Nordics,2021,41,25892000.0
Sweden,Nordics,2021,42,26116000.0
Sweden,Nordics,2021,43,26666000.0
Sweden,Nordics,2021,44,27244000.0
Sweden,Nordics,2021,45,27045000.0
Sweden,Nordics,2021,46,26774000.0
Sweden,Nordics,2021,47,26034000.0
Sweden,Nordics,2021,48,24798000.0
Sweden,Nordics,2021,49,23492000.0
Sweden,Nordics,2021,50,22975000.0
Sweden,Nordics,2021,51,21933000.0
Sweden,Nordics,2021,52,20849000.0
Sweden,Nordics,2021,53,
Sweden,Nordics,2022,1,19630000.0
Sweden,Nordics,2022,2,19216000.0
Sweden,Nordics,2022,3,18718000.0
Sweden,Nordics,2022,4,18142000.0
Sweden,Nordics,2022,5,17101000.0
Sweden,Nordics,2022,6,16343000.0
Sweden,Nordics,2022,7,15273000.0
Sweden,Nordics,2022,8,14253000.0
Sweden,Nordics,2022,9,13208000.0
Sweden,Nordics,2022,10,12079000.0
Sweden,Nordics,2022,11,11200000.0
Sweden,Nordics,2022,12,10607000.0
Sweden,Nordics,2022,13,9768000.0
Sweden,Nordics,2022,14,9122000.0
Sweden,Nordics,2022,15,8289000.0
Sweden,Nordics,2022,16,8332000.0
Sweden,Nordics,2022,17,8617000.0
Sweden,Nordics,2022,18,9009000.0
Sweden,Nordics,2022,19,10484000.0
Sweden,Nordics,2022,20,11949000.0
Sweden,Nordics,2022,21,15373000.0
Sweden,Nordics,2022,22,19581000.0
Sweden,Nordics,2022,23,21425000.0
Sweden,Nordics,2022,24,23198000.0
Sweden,Nordics,2022,25,24598000.0
Sweden,Nordics,2022,26,26665000.0
Sweden,Nordics,2022,27,27692000.0
Sweden,Nordics,2022,28,28250000.0
Sweden,Nordics,2022,29,28399000.0
Sweden,Nordics,2022,30,28572000.0
Sweden,Nordics,2022,31,28655000.0
Sweden,Nordics,2022,32,28380000.0
Sweden,Nordics,2022,33,28799000.0
Sweden,Nordics,2022,34,28683000.0
Sweden,Nordics,2022,35,27983000.0
Sweden,Nordics,2022,36,26955000.0
Sweden,Nordics,2022,37,26852000.0
Sweden,Nordics,2022,38,26243000.0
Sweden,Nordics,2022,39,25967000.0
Sweden,Nordics,2022,40,26392000.0
Sweden,Nordics,2022,41,26563000.0
Sweden,Nordics,2022,42,26219000.0
Sweden,Nordics,2022,43,25852000.0
Sweden,Nordics,2022,44,25611000.0
Sweden,Nordics,2022,45,25932000.0
Sweden,Nordics,2022,46,25403000.0
Sweden,Nordics,2022,47,24368000.0
Sweden,Nordics,2022,48,23082000.0
Sweden,Nordics,2022,49,21947000.0
Sweden,Nordics,2022,50,20754000.0
Sweden,Nordics,2022,51,19769000.0
Sweden,Nordics,2022,52,19342000.0
Sweden,Nordics,2022,53,
Sweden,Nordics,2023,1,18424000.0
Sweden,Nordics,2023,2,17778000.0
Sweden,Nordics,2023,3,16707000.0
Sweden,Nordics,2023,4,16127000.0
Sweden,Nordics,2023,5,15041000.0
Sweden,Nordics,2023,6,14401000.0
Sweden,Nordics,2023,7,13514000.0
Sweden,Nordics,2023,8,12473000.0
Sweden,Nordics,2023,9,11822000.0
Sweden,Nordics,2023,10,10324000.0
Sweden,Nordics,2023,11,9385000.0
Sweden,Nordics,2023,12,8471000.0
Sweden,Nordics,2023,13,7346000.0
Sweden,Nordics,2023,14,6175000.0
Sweden,Nordics,2023,15,5709000.0
Sweden,Nordics,2023,16,5806000.0
Sweden,Nordics,2023,17,5957000.0
Sweden,Nordics,2023,18,5873000.0
Sweden,Nordics,2023,19,7735000.0
Sweden,Nordics,2023,20,11828000.0
Sweden,Nordics,2023,21,14822000.0
Sweden,Nordics,2023,22,16309000.0
Sweden,Nordics,2023,23,17197000.0
Sweden,Nordics,2023,24,18283000.0
Sweden,Nordics,2023,25,19975000.0
Sweden,Nordics,2023,26,21118000.0
Sweden,Nordics,2023,27,21561000.0
Sweden,Nordics,2023,28,21969000.0
Sweden,Nordics,2023,29,22731000.0
Sweden,Nordics,2023,30,23094000.0
Sweden,Nordics,2023,31,23653000.0
Sweden,Nordics,2023,32,25260000.0
Sweden,Nordics,2023,33,25751000.0
Sweden,Nordics,2023,34,25914000.0
Sweden,Nordics,2023,35,26000000.0
Sweden,Nordics,2023,36,26296000.0
Sweden,Nordics,2023,37,26458000.0
Sweden,Nordics,2023,38,27631000.0
Sweden,Nordics,2023,39,28432000.0
Sweden,Nordics,2023,40,28573000.0
Sweden,Nordics,2023,41,28876000.0
Sweden,Nordics,2023,42,28470000.0
Sweden,Nordics,2023,43,27664000.0
Sweden,Nordics,2023,44,27078000.0
Sweden,Nordics,2023,45,26124000.0
Sweden,Nordics,2023,46,25018000.0
Sweden,Nordics,2023,47,24091000.0
Sweden,Nordics,2023,48,22820000.0
Sweden,Nordics,2023,49,21419000.0
Sweden,Nordics,2023,50,20349000.0
Sweden,Nordics,2023,51,19696000.0
Sweden,Nordics,2023,52,18943000.0
Sweden,Nordics,2023,53,
Sweden,Nordics,2024,1,17532000.0
Sweden,Nordics,2024,2,16646000.0
Sweden,Nordics,2024,3,15264000.0
Sweden,Nordics,2024,4,14533000.0
Sweden,Nordics,2024,5,14318000.0
Sweden,Nordics,2024,6,12890000.0
Sweden,Nordics,2024,7,11804000.0
Sweden,Nordics,2024,8,10895000.0
Sweden,Nordics,2024,9,9957000.0
Sweden,Nordics,2024,10,8608000.0
Sweden,Nordics,2024,11,7725000.0
Sweden,Nordics,2024,12,6763000.0
Sweden,Nordics,2024,13,6096000.0
Sweden,Nordics,2024,14,5582000.0
Sweden,Nordics,2024,15,6083000.0
Sweden,Nordics,2024,16,6151000.0
Sweden,Nordics,2024,17,5775000.0
Sweden,Nordics,2024,18,6698000.0
Sweden,Nordics,2024,19,8370000.0
Sweden,Nordics,2024,20,12518000.0
Sweden,Nordics,2024,21,15679000.0
Sweden,Nordics,2024,22,18308000.0
Sweden,Nordics,2024,23,19738000.0
Sweden,Nordics,2024,24,20430000.0
Sweden,Nordics,2024,25,21131000.0
Sweden,Nordics,2024,26,21624000.0
Sweden,Nordics,2024,27,22186000.0
Sweden,Nordics,2024,28,22712000.0
Sweden,Nordics,2024,29,23240000.0
Sweden,Nordics,2024,30,23997000.0
Sweden,Nordics,2024,31,24463000.0
Sweden,Nordics,2024,32,24930000.0
Sweden,Nordics,2024,33,25323000.0
Sweden,Nordics,2024,34,26147000.0
Sweden,Nordics,2024,35,26701000.0
Sweden,Nordics,2024,36,26698000.0
Sweden,Nordics,2024,37,27075000.0
Sweden,Nordics,2024,38,26860000.0
Sweden,Nordics,2024,39,27215000.0
Sweden,Nordics,2024,40,26870000.0
Sweden,Nordics,2024,41,27490000.0
Sweden,Nordics,2024,42,27837000.0
Sweden,Nordics,2024,43,28859000.0
Sweden,Nordics,2024,44,29095000.0
Sweden,Nordics,2024,45,29407000.0
Sweden,Nordics,2024,46,29580000.0
Sweden,Nordics,2024,47,28993000.0
Sweden,Nordics,2024,48,28642000.0
Sweden,Nordics,2024,49,28231000.0
Sweden,Nordics,2024,50,27717000.0
Sweden,Nordics,2024,51,27095000.0
Sweden,Nordics,2024,52,26839000.0
Sweden,Nordics,2024,53,
Sweden,Nordics,2025,1,26123000
Sweden,Nordics,2025,2,25063000
Sweden,Nordics,2025,3,25273000
Sweden,Nordics,2025,4,24858000
Sweden,Nordics,2025,5,24027000
Sweden,Nordics,2025,6,23075000
Sweden,Nordics,2025,7,21856000
Sweden,Nordics,2025,8,20777000
Sweden,Nordics,2025,9,19808000
Sweden,Nordics,2025,10,19236000
Sweden,Nordics,2025,11,18219000
Sweden,Nordics,2025,12,17463000
Sweden,Nordics,2025,13,16714000
Sweden,Nordics,2025,14,16589000
Sweden,Nordics,2025,15,16199000
Sweden,Nordics,2025,16,16762000
Sweden,Nordics,2025,17,16904000
Sweden,Nordics,2025,18,17481000
Sweden,Nordics,2025,19,17614000
Sweden,Nordics,2025,20,18456000
Sweden,Nordics,2025,21,19485000
Sweden,Nordics,2025,22,21461000
Sweden,Nordics,2025,23,23519000
Sweden,Nordics,2025,24,-
Sweden,Nordics,2025,25,-
Sweden,Nordics,2025,26,-
Sweden,Nordics,2025,27,-
Sweden,Nordics,2025,28,-
Sweden,Nordics,2025,29,-
Sweden,Nordics,2025,30,-
Sweden,Nordics,2025,31,-
Sweden,Nordics,2025,32,-
Sweden,Nordics,2025,33,-
Sweden,Nordics,2025,34,-
Sweden,Nordics,2025,35,-
Sweden,Nordics,2025,36,-
Sweden,Nordics,2025,37,-
Sweden,Nordics,2025,38,-
Sweden,Nordics,2025,39,-
Sweden,Nordics,2025,40,-
Sweden,Nordics,2025,41,-
Sweden,Nordics,2025,42,-
Sweden,Nordics,2025,43,-
Sweden,Nordics,2025,44,-
Sweden,Nordics,2025,45,-
Sweden,Nordics,2025,46,-
Sweden,Nordics,2025,47,-
Sweden,Nordics,2025,48,-
Sweden,Nordics,2025,49,-
Sweden,Nordics,2025,50,-
Sweden,Nordics,2025,51,-
Sweden,Nordics,2025,52,-
Sweden,Nordics,2025,53,
Switzerland,Alps,2019,1,4656491.0
Switzerland,Alps,2019,2,4420007.0
Switzerland,Alps,2019,3,4154307.0
Switzerland,Alps,2019,4,3693327.0
Switzerland,Alps,2019,5,3288999.0
Switzerland,Alps,2019,6,2971002.0
Switzerland,Alps,2019,7,2785098.0
Switzerland,Alps,2019,8,2575417.0
Switzerland,Alps,2019,9,2383139.0
Switzerland,Alps,2019,10,2214801.0
Switzerland,Alps,2019,11,2260666.0
Switzerland,Alps,2019,12,2154299.0
Switzerland,Alps,2019,13,1514409.0
Switzerland,Alps,2019,14,1773596.0
Switzerland,Alps,2019,15,1576893.0
Switzerland,Alps,2019,16,1446670.0
Switzerland,Alps,2019,17,1546552.0
Switzerland,Alps,2019,18,1535382.0
Switzerland,Alps,2019,19,1415078.0
Switzerland,Alps,2019,20,1377243.0
Switzerland,Alps,2019,21,1309645.0
Switzerland,Alps,2019,22,1472698.0
Switzerland,Alps,2019,23,1760690.0
Switzerland,Alps,2019,24,2469985.0
Switzerland,Alps,2019,25,3177740.0
Switzerland,Alps,2019,26,3818985.0
Switzerland,Alps,2019,27,4526333.0
Switzerland,Alps,2019,28,4834229.0
Switzerland,Alps,2019,29,5059643.0
Switzerland,Alps,2019,30,5222251.0
Switzerland,Alps,2019,31,5465637.0
Switzerland,Alps,2019,32,5598789.0
Switzerland,Alps,2019,33,5981957.0
Switzerland,Alps,2019,34,6204067.0
Switzerland,Alps,2019,35,6162148.0
Switzerland,Alps,2019,36,6218503.0
Switzerland,Alps,2019,37,6178006.0
Switzerland,Alps,2019,38,6008842.0
Switzerland,Alps,2019,39,6196739.0
Switzerland,Alps,2019,40,6347495.0
Switzerland,Alps,2019,41,6437553.0
Switzerland,Alps,2019,42,6437555.0
Switzerland,Alps,2019,43,6572889.0
Switzerland,Alps,2019,44,6532757.0
Switzerland,Alps,2019,45,6478401.0
Switzerland,Alps,2019,46,6329661.0
Switzerland,Alps,2019,47,6025063.0
Switzerland,Alps,2019,48,5850872.0
Switzerland,Alps,2019,49,5632139.0
Switzerland,Alps,2019,50,5373795.0
Switzerland,Alps,2019,51,5123496.0
Switzerland,Alps,2019,52,5106276.0
Switzerland,Alps,2019,53,
Switzerland,Alps,2020,1,5024346
Switzerland,Alps,2020,2,4836538
Switzerland,Alps,2020,3,4470250
Switzerland,Alps,2020,4,3974427
Switzerland,Alps,2020,5,3522049
Switzerland,Alps,2020,6,3377738
Switzerland,Alps,2020,7,3187271
Switzerland,Alps,2020,8,2950328
Switzerland,Alps,2020,9,2777359
Switzerland,Alps,2020,10,2491899
Switzerland,Alps,2020,11,2231266
Switzerland,Alps,2020,12,2111731
Switzerland,Alps,2020,13,1971748
Switzerland,Alps,2020,14,1761976
Switzerland,Alps,2020,15,1650543
Switzerland,Alps,2020,16,1628357
Switzerland,Alps,2020,17,1750195
Switzerland,Alps,2020,18,1839944
Switzerland,Alps,2020,19,1957557
Switzerland,Alps,2020,20,2172487
Switzerland,Alps,2020,21,2495955
Switzerland,Alps,2020,22,2903176
Switzerland,Alps,2020,23,3170516
Switzerland,Alps,2020,24,3348991
Switzerland,Alps,2020,25,3566746
Switzerland,Alps,2020,26,3734776
Switzerland,Alps,2020,27,4098638
Switzerland,Alps,2020,28,4469305
Switzerland,Alps,2020,29,4672790
Switzerland,Alps,2020,30,4811324
Switzerland,Alps,2020,31,5015498
Switzerland,Alps,2020,32,5288900
Switzerland,Alps,2020,33,5430843
Switzerland,Alps,2020,34,5605040
Switzerland,Alps,2020,35,5792003
Switzerland,Alps,2020,36,6028810
Switzerland,Alps,2020,37,6052992
Switzerland,Alps,2020,38,6056871
Switzerland,Alps,2020,39,6047436
Switzerland,Alps,2020,40,5968872
Switzerland,Alps,2020,41,6274022
Switzerland,Alps,2020,42,6071816
Switzerland,Alps,2020,43,4560633
Switzerland,Alps,2020,44,5829148
Switzerland,Alps,2020,45,4771901
Switzerland,Alps,2020,46,5795730
Switzerland,Alps,2020,47,5552431
Switzerland,Alps,2020,48,5316712
Switzerland,Alps,2020,49,4875501
Switzerland,Alps,2020,50,3602946
Switzerland,Alps,2020,51,4201110
Switzerland,Alps,2020,52,4048907
Switzerland,Alps,2020,53,4023212
Switzerland,Alps,2021,1,3816687.0
Switzerland,Alps,2021,2,3337784.0
Switzerland,Alps,2021,3,2965061.0
Switzerland,Alps,2021,4,2694185.0
Switzerland,Alps,2021,5,2523104.0
Switzerland,Alps,2021,6,2246832.0
Switzerland,Alps,2021,7,1887222.0
Switzerland,Alps,2021,8,1376121.0
Switzerland,Alps,2021,9,1376444.0
Switzerland,Alps,2021,10,1258860.0
Switzerland,Alps,2021,11,1061564.0
Switzerland,Alps,2021,12,915140.0
Switzerland,Alps,2021,13,789973.0
Switzerland,Alps,2021,14,698871.0
Switzerland,Alps,2021,15,544032.0
Switzerland,Alps,2021,16,473348.0
Switzerland,Alps,2021,17,478867.0
Switzerland,Alps,2021,18,443516.0
Switzerland,Alps,2021,19,593045.0
Switzerland,Alps,2021,20,684748.0
Switzerland,Alps,2021,21,757966.0
Switzerland,Alps,2021,22,904712.0
Switzerland,Alps,2021,23,1237715.0
Switzerland,Alps,2021,24,1715395.0
Switzerland,Alps,2021,25,2388357.0
Switzerland,Alps,2021,26,2804201.0
Switzerland,Alps,2021,27,3243904.0
Switzerland,Alps,2021,28,3787791.0
Switzerland,Alps,2021,29,4198465.0
Switzerland,Alps,2021,30,4592451.0
Switzerland,Alps,2021,31,4976547.0
Switzerland,Alps,2021,32,5242877.0
Switzerland,Alps,2021,33,5489349.0
Switzerland,Alps,2021,34,5594111.0
Switzerland,Alps,2021,35,5571350.0
Switzerland,Alps,2021,36,5510722.0
Switzerland,Alps,2021,37,5445659.0
Switzerland,Alps,2021,38,5627901.0
Switzerland,Alps,2021,39,5229570.0
Switzerland,Alps,2021,40,5443917.0
Switzerland,Alps,2021,41,5485815.0
Switzerland,Alps,2021,42,5430645.0
Switzerland,Alps,2021,43,5227796.0
Switzerland,Alps,2021,44,5157065.0
Switzerland,Alps,2021,45,4365997.0
Switzerland,Alps,2021,46,4087302.0
Switzerland,Alps,2021,47,3873102.0
Switzerland,Alps,2021,48,3648552.0
Switzerland,Alps,2021,49,3851389.0
Switzerland,Alps,2021,50,3607640.0
Switzerland,Alps,2021,51,3393697.0
Switzerland,Alps,2021,52,3411811.0
Switzerland,Alps,2021,53,
Switzerland,Alps,2022,1,3413189.0
Switzerland,Alps,2022,2,3284192.0
Switzerland,Alps,2022,3,3013615.0
Switzerland,Alps,2022,4,2740467.0
Switzerland,Alps,2022,5,2497420.0
Switzerland,Alps,2022,6,2335488.0
Switzerland,Alps,2022,7,2197142.0
Switzerland,Alps,2022,8,2152216.0
Switzerland,Alps,2022,9,1956045.0
Switzerland,Alps,2022,10,1800974.0
Switzerland,Alps,2022,11,1677582.0
Switzerland,Alps,2022,12,1594340.0
Switzerland,Alps,2022,13,1468006.0
Switzerland,Alps,2022,14,1319018.0
Switzerland,Alps,2022,15,1303804.0
Switzerland,Alps,2022,16,1321091.0
Switzerland,Alps,2022,17,1285711.0
Switzerland,Alps,2022,18,1291841.0
Switzerland,Alps,2022,19,1326731.0
Switzerland,Alps,2022,20,1627931.0
Switzerland,Alps,2022,21,2122847.0
Switzerland,Alps,2022,22,2397997.0
Switzerland,Alps,2022,23,2742167.0
Switzerland,Alps,2022,24,2900550.0
Switzerland,Alps,2022,25,3029483.0
Switzerland,Alps,2022,26,3341824.0
Switzerland,Alps,2022,27,3744322.0
Switzerland,Alps,2022,28,4008433.0
Switzerland,Alps,2022,29,3552568.0
Switzerland,Alps,2022,30,4438693.0
Switzerland,Alps,2022,31,4630849.0
Switzerland,Alps,2022,32,5076859.0
Switzerland,Alps,2022,33,5242221.0
Switzerland,Alps,2022,34,5487779.0
Switzerland,Alps,2022,35,5571238.0
Switzerland,Alps,2022,36,5676547.0
Switzerland,Alps,2022,37,5730300.0
Switzerland,Alps,2022,38,5617136.0
Switzerland,Alps,2022,39,5709046.0
Switzerland,Alps,2022,40,5806307.0
Switzerland,Alps,2022,41,5782825.0
Switzerland,Alps,2022,42,5700921.0
Switzerland,Alps,2022,43,6087859.0
Switzerland,Alps,2022,44,6051642.0
Switzerland,Alps,2022,45,6038585.0
Switzerland,Alps,2022,46,5981784.0
Switzerland,Alps,2022,47,5962618.0
Switzerland,Alps,2022,48,5594084.0
Switzerland,Alps,2022,49,5249036.0
Switzerland,Alps,2022,50,4827689.0
Switzerland,Alps,2022,51,4856943.0
Switzerland,Alps,2022,52,4880442.0
Switzerland,Alps,2022,53,
Switzerland,Alps,2023,1,4720289.0
Switzerland,Alps,2023,2,4499177.0
Switzerland,Alps,2023,3,4335093.0
Switzerland,Alps,2023,4,3886897.0
Switzerland,Alps,2023,5,3518713.0
Switzerland,Alps,2023,6,3286800.0
Switzerland,Alps,2023,7,3029737.0
Switzerland,Alps,2023,8,2874832.0
Switzerland,Alps,2023,9,2601688.0
Switzerland,Alps,2023,10,2245255.0
Switzerland,Alps,2023,11,2095902.0
Switzerland,Alps,2023,12,2004233.0
Switzerland,Alps,2023,13,1943866.0
Switzerland,Alps,2023,14,1842572.0
Switzerland,Alps,2023,15,1689372.0
Switzerland,Alps,2023,16,1539998.0
Switzerland,Alps,2023,17,1511014.0
Switzerland,Alps,2023,18,1575017.0
Switzerland,Alps,2023,19,1668848.0
Switzerland,Alps,2023,20,1958656.0
Switzerland,Alps,2023,21,2124025.0
Switzerland,Alps,2023,22,2367672.0
Switzerland,Alps,2023,23,2593408.0
Switzerland,Alps,2023,24,2853062.0
Switzerland,Alps,2023,25,3139062.0
Switzerland,Alps,2023,26,3144183.0
Switzerland,Alps,2023,27,3409793.0
Switzerland,Alps,2023,28,3574589.0
Switzerland,Alps,2023,29,3868846.0
Switzerland,Alps,2023,30,3992148.0
Switzerland,Alps,2023,31,4213980.0
Switzerland,Alps,2023,32,4326893.0
Switzerland,Alps,2023,33,4413009.0
Switzerland,Alps,2023,34,4542364.0
Switzerland,Alps,2023,35,4822663.0
Switzerland,Alps,2023,36,4868065.0
Switzerland,Alps,2023,37,4808295.0
Switzerland,Alps,2023,38,4906416.0
Switzerland,Alps,2023,39,4902194.0
Switzerland,Alps,2023,40,4985627.0
Switzerland,Alps,2023,41,4899270.0
Switzerland,Alps,2023,42,4862198.0
Switzerland,Alps,2023,43,5018655.0
Switzerland,Alps,2023,44,5126668.0
Switzerland,Alps,2023,45,5093846.0
Switzerland,Alps,2023,46,5036932.0
Switzerland,Alps,2023,47,4983973.0
Switzerland,Alps,2023,48,4743491.0
Switzerland,Alps,2023,49,4468514.0
Switzerland,Alps,2023,50,4324160.0
Switzerland,Alps,2023,51,4240408.0
Switzerland,Alps,2023,52,4253319.0
Switzerland,Alps,2023,53,
Switzerland,Alps,2024,1,4266060.0
Switzerland,Alps,2024,2,4031253.0
Switzerland,Alps,2024,3,2996454.0
Switzerland,Alps,2024,4,3326345.0
Switzerland,Alps,2024,5,2472130.0
Switzerland,Alps,2024,6,2704898.0
Switzerland,Alps,2024,7,2485934.0
Switzerland,Alps,2024,8,2269165.0
Switzerland,Alps,2024,9,1979325.0
Switzerland,Alps,2024,10,1647278.0
Switzerland,Alps,2024,11,1345330.0
Switzerland,Alps,2024,12,1172766.0
Switzerland,Alps,2024,13,992491.0
Switzerland,Alps,2024,14,918259.0
Switzerland,Alps,2024,15,892619.0
Switzerland,Alps,2024,16,917100.0
Switzerland,Alps,2024,17,844904.0
Switzerland,Alps,2024,18,759238.0
Switzerland,Alps,2024,19,795928.0
Switzerland,Alps,2024,20,1123038.0
Switzerland,Alps,2024,21,1267976.0
Switzerland,Alps,2024,22,1402927.0
Switzerland,Alps,2024,23,1688615.0
Switzerland,Alps,2024,24,2162190.0
Switzerland,Alps,2024,25,2604852.0
Switzerland,Alps,2024,26,3102329.0
Switzerland,Alps,2024,27,3751374.0
Switzerland,Alps,2024,28,4191324.0
Switzerland,Alps,2024,29,4450331.0
Switzerland,Alps,2024,30,4698099.0
Switzerland,Alps,2024,31,4798635.0
Switzerland,Alps,2024,32,4849916.0
Switzerland,Alps,2024,33,4901319.0
Switzerland,Alps,2024,34,4887173.0
Switzerland,Alps,2024,35,4945732.0
Switzerland,Alps,2024,36,4910861.0
Switzerland,Alps,2024,37,5050971.0
Switzerland,Alps,2024,38,4934057.0
Switzerland,Alps,2024,39,4816933.0
Switzerland,Alps,2024,40,4976770.0
Switzerland,Alps,2024,41,5086269.0
Switzerland,Alps,2024,42,5208464.0
Switzerland,Alps,2024,43,5029299.0
Switzerland,Alps,2024,44,4886566.0
Switzerland,Alps,2024,45,3917160.0
Switzerland,Alps,2024,46,4527961.0
Switzerland,Alps,2024,47,4239963.0
Switzerland,Alps,2024,48,3951994.0
Switzerland,Alps,2024,49,3871501.0
Switzerland,Alps,2024,50,3270636.0
Switzerland,Alps,2024,51,2923236.0
Switzerland,Alps,2024,52,2839966.0
Switzerland,Alps,2024,53,
Switzerland,Alps,2025,1,4659000
Switzerland,Alps,2025,2,4414000
Switzerland,Alps,2025,3,4131000
Switzerland,Alps,2025,4,3612000
Switzerland,Alps,2025,5,3186000
Switzerland,Alps,2025,6,2915000
Switzerland,Alps,2025,7,2569000
Switzerland,Alps,2025,8,2149000
Switzerland,Alps,2025,9,1806000
Switzerland,Alps,2025,10,1552000
Switzerland,Alps,2025,11,1397000
Switzerland,Alps,2025,12,1349000
Switzerland,Alps,2025,13,1258000
Switzerland,Alps,2025,14,1200000
Switzerland,Alps,2025,15,1151000
Switzerland,Alps,2025,16,1138000
Switzerland,Alps,2025,17,1236000
Switzerland,Alps,2025,18,1211000
Switzerland,Alps,2025,19,1361000
Switzerland,Alps,2025,20,1429000
Switzerland,Alps,2025,21,1505000
Switzerland,Alps,2025,22,1588000
Switzerland,Alps,2025,23,1977000
Switzerland,Alps,2025,24,-
Switzerland,Alps,2025,25,-
Switzerland,Alps,2025,26,-
Switzerland,Alps,2025,27,-
Switzerland,Alps,2025,28,-
Switzerland,Alps,2025,29,-
Switzerland,Alps,2025,30,-
Switzerland,Alps,2025,31,-
Switzerland,Alps,2025,32,-
Switzerland,Alps,2025,33,-
Switzerland,Alps,2025,34,-
Switzerland,Alps,2025,35,-
Switzerland,Alps,2025,36,-
Switzerland,Alps,2025,37,-
Switzerland,Alps,2025,38,-
Switzerland,Alps,2025,39,-
Switzerland,Alps,2025,40,-
Switzerland,Alps,2025,41,-
Switzerland,Alps,2025,42,-
Switzerland,Alps,2025,43,-
Switzerland,Alps,2025,44,-
Switzerland,Alps,2025,45,-
Switzerland,Alps,2025,46,-
Switzerland,Alps,2025,47,-
Switzerland,Alps,2025,48,-
Switzerland,Alps,2025,49,-
Switzerland,Alps,2025,50,-
Switzerland,Alps,2025,51,-
Switzerland,Alps,2025,52,-
Switzerland,Alps,2025,53,
